User ID,Train Name,Rating,Feedback
9bdea446-5a45-4682-8478-84db3bbfbdce,Night Train,3,"Enjoyed the journey, but the food options were limited."
81d1d908-7fe7-4d04-98c6-8741c903afb3,Night Train,4,Had difficulty understanding the announcements.
6f170d7c-9ed9-4dec-a52a-e493d83d1abc,Express,2,"Announcements were clear, and the ride was peaceful."
81d1d908-7fe7-4d04-98c6-8741c903afb3,Regional,1,"Too noisy, especially near the engine section."
b60dd382-62ae-4942-94d1-30cba864bd3b,Superfast,2,"The staff was helpful, but the train was delayed."
6f170d7c-9ed9-4dec-a52a-e493d83d1abc,Express,4,"The staff was helpful, but the train was delayed."
d5301664-836a-440f-9516-4be0fd59d46e,Regional,4,"Announcements were clear, and the ride was peaceful."
d5301664-836a-440f-9516-4be0fd59d46e,Intercity,5,"The staff was helpful, but the train was delayed."
d5301664-836a-440f-9516-4be0fd59d46e,Intercity,3,"The ride was bumpy, and the restroom was not well-maintained."
9bdea446-5a45-4682-8478-84db3bbfbdce,Regional,4,"Seats were comfortable, but the cleanliness could be improved."
d5301664-836a-440f-9516-4be0fd59d46e,Superfast,3,"Air conditioning was too cold, but the train was well-maintained."
81d1d908-7fe7-4d04-98c6-8741c903afb3,Express,1,Seats were hard and uncomfortable for a long journey.
b60dd382-62ae-4942-94d1-30cba864bd3b,Superfast,1,"Had trouble finding my seat, but the ride itself was pleasant."
81d1d908-7fe7-4d04-98c6-8741c903afb3,Superfast,5,Great experience! The train was clean and punctual.
6f170d7c-9ed9-4dec-a52a-e493d83d1abc,Night Train,1,"The food service was excellent, and the seats were spacious."
6f170d7c-9ed9-4dec-a52a-e493d83d1abc,Intercity,3,Great experience! The train was clean and punctual.
b60dd382-62ae-4942-94d1-30cba864bd3b,Intercity,3,Easy booking process and smooth journey.
d5301664-836a-440f-9516-4be0fd59d46e,Night Train,3,"Air conditioning was too cold, but the train was well-maintained."
6f170d7c-9ed9-4dec-a52a-e493d83d1abc,Night Train,3,Luggage storage was limited and inconvenient.
d5301664-836a-440f-9516-4be0fd59d46e,Regional,3,"Announcements were clear, and the ride was peaceful."
81d1d908-7fe7-4d04-98c6-8741c903afb3,Express,3,Loved the scenic views along the route.
6f170d7c-9ed9-4dec-a52a-e493d83d1abc,Regional,3,"Too noisy, especially near the engine section."
d5301664-836a-440f-9516-4be0fd59d46e,Regional,4,Great experience! The train was clean and punctual.
b60dd382-62ae-4942-94d1-30cba864bd3b,Intercity,4,"Seats were comfortable, but the cleanliness could be improved."
6f170d7c-9ed9-4dec-a52a-e493d83d1abc,Express,3,"Seats were comfortable, but the cleanliness could be improved."
9bdea446-5a45-4682-8478-84db3bbfbdce,Night Train,4,Seats were hard and uncomfortable for a long journey.
d5301664-836a-440f-9516-4be0fd59d46e,Regional,2,Easy booking process and smooth journey.
9bdea446-5a45-4682-8478-84db3bbfbdce,Intercity,2,"The staff was helpful, but the train was delayed."
9bdea446-5a45-4682-8478-84db3bbfbdce,Night Train,4,Loved the scenic views along the route.
9bdea446-5a45-4682-8478-84db3bbfbdce,Regional,1,Great experience! The train was clean and punctual.
81d1d908-7fe7-4d04-98c6-8741c903afb3,Regional,5,"The train was late, but the staff was courteous."
81d1d908-7fe7-4d04-98c6-8741c903afb3,Night Train,1,"Announcements were clear, and the ride was peaceful."
d5301664-836a-440f-9516-4be0fd59d46e,Regional,2,The train was on time and the journey was smooth.
b60dd382-62ae-4942-94d1-30cba864bd3b,Regional,2,"The train was packed, making it hard to move around."
6f170d7c-9ed9-4dec-a52a-e493d83d1abc,Intercity,1,"Too noisy, especially near the engine section."
b60dd382-62ae-4942-94d1-30cba864bd3b,Night Train,5,Seats were hard and uncomfortable for a long journey.
81d1d908-7fe7-4d04-98c6-8741c903afb3,Intercity,5,Great experience! The train was clean and punctual.
9bdea446-5a45-4682-8478-84db3bbfbdce,Express,4,"The food service was excellent, and the seats were spacious."
81d1d908-7fe7-4d04-98c6-8741c903afb3,Superfast,3,Luggage storage was limited and inconvenient.
9bdea446-5a45-4682-8478-84db3bbfbdce,Regional,4,"The ride was bumpy, and the restroom was not well-maintained."
81d1d908-7fe7-4d04-98c6-8741c903afb3,Superfast,1,"The train was packed, making it hard to move around."
b60dd382-62ae-4942-94d1-30cba864bd3b,Express,5,The train was on time and the journey was smooth.
b60dd382-62ae-4942-94d1-30cba864bd3b,Express,2,"The Wi-Fi was slow, but otherwise, a comfortable ride."
81d1d908-7fe7-4d04-98c6-8741c903afb3,Superfast,1,Easy booking process and smooth journey.
6f170d7c-9ed9-4dec-a52a-e493d83d1abc,Express,1,The train was on time and the journey was smooth.
6f170d7c-9ed9-4dec-a52a-e493d83d1abc,Night Train,4,"The staff was helpful, but the train was delayed."
b60dd382-62ae-4942-94d1-30cba864bd3b,Regional,3,"Too noisy, especially near the engine section."
9bdea446-5a45-4682-8478-84db3bbfbdce,Regional,4,Luggage storage was limited and inconvenient.
6f170d7c-9ed9-4dec-a52a-e493d83d1abc,Express,3,"The ride was bumpy, and the restroom was not well-maintained."
d5301664-836a-440f-9516-4be0fd59d46e,Express,4,Had difficulty understanding the announcements.
9bdea446-5a45-4682-8478-84db3bbfbdce,Express,2,"Announcements were clear, and the ride was peaceful."
6f170d7c-9ed9-4dec-a52a-e493d83d1abc,Intercity,5,Easy booking process and smooth journey.
b60dd382-62ae-4942-94d1-30cba864bd3b,Express,2,"Had trouble finding my seat, but the ride itself was pleasant."
6f170d7c-9ed9-4dec-a52a-e493d83d1abc,Intercity,1,"Enjoyed the journey, but the food options were limited."
81d1d908-7fe7-4d04-98c6-8741c903afb3,Express,2,"The ride was bumpy, and the restroom was not well-maintained."
81d1d908-7fe7-4d04-98c6-8741c903afb3,Intercity,3,The train was on time and the journey was smooth.
d5301664-836a-440f-9516-4be0fd59d46e,Night Train,4,Great experience! The train was clean and punctual.
6f170d7c-9ed9-4dec-a52a-e493d83d1abc,Express,1,"The train was late, but the staff was courteous."
d5301664-836a-440f-9516-4be0fd59d46e,Regional,1,The train was on time and the journey was smooth.
d5301664-836a-440f-9516-4be0fd59d46e,Night Train,1,"The food service was excellent, and the seats were spacious."
6f170d7c-9ed9-4dec-a52a-e493d83d1abc,Express,4,Had difficulty understanding the announcements.
9bdea446-5a45-4682-8478-84db3bbfbdce,Superfast,5,"The train was late, but the staff was courteous."
9bdea446-5a45-4682-8478-84db3bbfbdce,Intercity,1,"Great legroom, but the train was crowded."
81d1d908-7fe7-4d04-98c6-8741c903afb3,Superfast,5,Loved the scenic views along the route.
9bdea446-5a45-4682-8478-84db3bbfbdce,Night Train,1,"Great legroom, but the train was crowded."
81d1d908-7fe7-4d04-98c6-8741c903afb3,Superfast,1,"The food service was excellent, and the seats were spacious."
6f170d7c-9ed9-4dec-a52a-e493d83d1abc,Night Train,3,The train was on time and the journey was smooth.
6f170d7c-9ed9-4dec-a52a-e493d83d1abc,Night Train,2,Easy booking process and smooth journey.
81d1d908-7fe7-4d04-98c6-8741c903afb3,Night Train,2,Seats were hard and uncomfortable for a long journey.
6f170d7c-9ed9-4dec-a52a-e493d83d1abc,Superfast,1,"Seats were comfortable, but the cleanliness could be improved."
81d1d908-7fe7-4d04-98c6-8741c903afb3,Superfast,2,"The Wi-Fi was slow, but otherwise, a comfortable ride."
6f170d7c-9ed9-4dec-a52a-e493d83d1abc,Regional,5,"The train was late, but the staff was courteous."
9bdea446-5a45-4682-8478-84db3bbfbdce,Night Train,3,"Had trouble finding my seat, but the ride itself was pleasant."
9bdea446-5a45-4682-8478-84db3bbfbdce,Night Train,1,"The Wi-Fi was slow, but otherwise, a comfortable ride."
d5301664-836a-440f-9516-4be0fd59d46e,Express,5,"Announcements were clear, and the ride was peaceful."
81d1d908-7fe7-4d04-98c6-8741c903afb3,Regional,4,The train was on time and the journey was smooth.
6f170d7c-9ed9-4dec-a52a-e493d83d1abc,Night Train,3,"The train was late, but the staff was courteous."
81d1d908-7fe7-4d04-98c6-8741c903afb3,Night Train,4,"Too noisy, especially near the engine section."
d5301664-836a-440f-9516-4be0fd59d46e,Superfast,2,"The ride was bumpy, and the restroom was not well-maintained."
9bdea446-5a45-4682-8478-84db3bbfbdce,Regional,4,"Seats were comfortable, but the cleanliness could be improved."
d5301664-836a-440f-9516-4be0fd59d46e,Regional,2,Loved the scenic views along the route.
6f170d7c-9ed9-4dec-a52a-e493d83d1abc,Intercity,4,"The staff was helpful, but the train was delayed."
b60dd382-62ae-4942-94d1-30cba864bd3b,Express,5,"Announcements were clear, and the ride was peaceful."
b60dd382-62ae-4942-94d1-30cba864bd3b,Express,2,Luggage storage was limited and inconvenient.
81d1d908-7fe7-4d04-98c6-8741c903afb3,Intercity,4,"The ride was bumpy, and the restroom was not well-maintained."
d5301664-836a-440f-9516-4be0fd59d46e,Intercity,5,"Had trouble finding my seat, but the ride itself was pleasant."
6f170d7c-9ed9-4dec-a52a-e493d83d1abc,Night Train,4,"The train was packed, making it hard to move around."
9bdea446-5a45-4682-8478-84db3bbfbdce,Intercity,2,"The food service was excellent, and the seats were spacious."
6f170d7c-9ed9-4dec-a52a-e493d83d1abc,Intercity,2,"Enjoyed the journey, but the food options were limited."
81d1d908-7fe7-4d04-98c6-8741c903afb3,Night Train,1,Seats were hard and uncomfortable for a long journey.
b60dd382-62ae-4942-94d1-30cba864bd3b,Intercity,2,"Great legroom, but the train was crowded."
81d1d908-7fe7-4d04-98c6-8741c903afb3,Regional,3,"The food service was excellent, and the seats were spacious."
9bdea446-5a45-4682-8478-84db3bbfbdce,Intercity,4,"Seats were comfortable, but the cleanliness could be improved."
9bdea446-5a45-4682-8478-84db3bbfbdce,Intercity,5,Luggage storage was limited and inconvenient.
81d1d908-7fe7-4d04-98c6-8741c903afb3,Regional,2,"Air conditioning was too cold, but the train was well-maintained."
9bdea446-5a45-4682-8478-84db3bbfbdce,Superfast,5,"Had trouble finding my seat, but the ride itself was pleasant."
81d1d908-7fe7-4d04-98c6-8741c903afb3,Night Train,1,"Great legroom, but the train was crowded."
81d1d908-7fe7-4d04-98c6-8741c903afb3,Express,2,"Enjoyed the journey, but the food options were limited."
b60dd382-62ae-4942-94d1-30cba864bd3b,Night Train,3,"The staff was helpful, but the train was delayed."
6f170d7c-9ed9-4dec-a52a-e493d83d1abc,Express,3,"The ride was bumpy, and the restroom was not well-maintained."
